<TextFileConfiguration>
	<FilePath>not used</FilePath>
	<Delimiters>,</Delimiters>
	<DescriptionClassName>es.ucm.fdi.ici.c2324.practica3.grupo03.mspacman.MsPacManDescription</DescriptionClassName>
	<DescriptionMappings>
		<Map>id</Map>
		<Map>distanciaGhostLEFT</Map>
	    <Map>distanciaGhostRIGHT</Map>
	    <Map>distanciaGhostUP</Map>
	    <Map>distanciaGhostDOWN</Map>
	    <Map>tiempoComestibleLEFT</Map>
	    <Map>tiempoComestibleRIGHT</Map>
	    <Map>tiempoComestibleUP</Map>
	    <Map>tiempoComestibleDOWN</Map>
	    <Map>distanciaPPLEFT</Map>
	    <Map>distanciaPPRIGHT</Map>
	    <Map>distanciaPPUP</Map>
	    <Map>distanciaPPDOWN</Map>
	    <Map>distanciaPillLEFT</Map>
	    <Map>distanciaPillRIGHT</Map>
	    <Map>distanciaPillUP</Map>
	    <Map>distanciaPillDOWN</Map>
	</DescriptionMappings>
	<SolutionClassName>es.ucm.fdi.ici.c2324.practica3.grupo03.mspacman.MsPacManSolution</SolutionClassName>
	<SolutionMappings>
		<Map>id</Map>
		<Map>action</Map>
	</SolutionMappings>
	<ResultClassName>es.ucm.fdi.ici.c2324.practica3.grupo03.mspacman.MsPacManResult</ResultClassName>
	<ResultMappings>
		<Map>id</Map>
		<Map>score</Map>
	</ResultMappings>
</TextFileConfiguration>