<TextFileConfiguration>
	<FilePath>not used</FilePath>
	<Delimiters>,</Delimiters>
	<DescriptionClassName>es.ucm.fdi.ici.c2324.practica3.grupo03.ghost.GhostDescription</DescriptionClassName>
	<DescriptionMappings>
		
		<Map>id</Map>
		<Map>distanciaGhostLEFT</Map>
	    <Map>distanciaGhostRIGHT</Map>
	    <Map>distanciaGhostUP</Map>
	    <Map>distanciaGhostDOWN</Map>
	    <Map>tiempoComestible</Map>
	    <Map>distanciaPPLEFT</Map>
	    <Map>distanciaPPRIGHT</Map>
	    <Map>distanciaPPUP</Map>
	    <Map>distanciaPPDOWN</Map>
	    <Map>distanciaPacmanLEFT</Map>
	    <Map>distanciaPacmanRIGHT</Map>
	    <Map>distanciaPacmanUP</Map>
	    <Map>distanciaPacmanDOWN</Map>
	</DescriptionMappings>
	<SolutionClassName>es.ucm.fdi.ici.c2324.practica3.grupo03.ghost.GhostSolution</SolutionClassName>
	<SolutionMappings>
		<Map>id</Map>
		<Map>action</Map>
	</SolutionMappings>
	<ResultClassName>es.ucm.fdi.ici.c2324.practica3.grupo03.ghost.GhostResult</ResultClassName>
	<ResultMappings>
		<Map>id</Map>
		<Map>score</Map>
	</ResultMappings>
</TextFileConfiguration>